"indicateur","valeur_au_2026_09_27","definition","source"
"prospects_verifies","24","Entreprises réelles enregistrées avec au moins une source publique datée","prospects/prospects-angers-paysagistes.csv"
"prospects_sans_site_propre_trouve","15","Aucun nom de domaine propre dans les résultats consultés — n'établit pas l'absence de site","idem"
"prospects_avec_canal_de_contact_identifie","13","Une page ou un numéro public a été identifié ; l'adresse e-mail reste inconnue dans tous les cas sauf un","idem"
"contacts_autorises","0","Aucune autorisation d'envoi n'a été demandée ni donnée","-"
"messages_reellement_envoyes","0","Aucun envoi externe n'a eu lieu","prospection/02-file-envoi.csv"
"reponses","0","","-"
"prospects_interesses","0","","-"
"propositions_envoyees","0","","-"
"commandes_acceptees","0","","-"
"paiements_demandes","0","","-"
"paiements_confirmes","0","","-"
"fonds_disponibles","0","Aucun encaissement. Aucun prestataire de paiement n'est connecté","commandes/02-paiement-a-configurer.md"
"frais_connus_engages","0 €","Aucune souscription, aucune dépense engagée en votre nom","-"
"temps_consacre_session_1","1 session d'agent","Non converti en heures : la mesure serait inventée","-"
"chiffre_affaires","0 €","Aucun revenu. Ne pas confondre avec une estimation","-"
"benefice","non_calculable","Coûts, charges et obligations fiscales non encore connus","-"
